City_ID,City,Country,Lat,Lng,Max Temp,Humidity,Cloudiness,Wind Speed,Current Description
0,Lodja,CD,-3.4833,23.4333,75.56,74,87,0.36,overcast clouds
1,Salalah,OM,17.0151,54.0924,84.29,84,75,9.22,broken clouds
2,Punta Arenas,CL,-53.15,-70.9167,39.31,70,40,9.22,scattered clouds
3,Hermanus,ZA,-34.4187,19.2345,60.53,86,37,8.28,scattered clouds
4,Port Alfred,ZA,-33.5906,26.891,56.17,93,33,3.13,scattered clouds
5,Sobolevo,RU,54.4299,31.8996,44.96,73,61,6.35,broken clouds
6,New Norfolk,AU,-42.7826,147.0587,49.91,82,94,2.51,overcast clouds
7,Albany,US,42.6001,-73.9662,91.44,48,61,1.01,broken clouds
8,Hamilton,US,39.1834,-84.5333,67.19,75,100,12.66,overcast clouds
9,Mataura,NZ,-46.1927,168.8643,44.26,92,100,7.23,overcast clouds
10,Mar Del Plata,AR,-38.0023,-57.5575,62.94,54,0,5.75,clear sky
11,Cayenne,GF,4.9333,-52.3333,84.09,8,100,4.61,moderate rain
12,Kavieng,PG,-2.5744,150.7967,82.58,68,57,16.82,broken clouds
13,Bathsheba,BB,13.2167,-59.5167,84.81,70,20,18.41,few clouds
14,Lesnoy,RU,57.6198,63.0784,37.2,84,36,4.94,scattered clouds
15,Zhezkazgan,KZ,47.8043,67.7144,51.96,30,4,7.99,clear sky
16,Shelburne,CA,44.0787,-80.2041,55.76,82,100,11.45,overcast clouds
17,Hilo,US,19.7297,-155.09,85.28,72,0,5.01,clear sky
18,Kano,NG,12.0001,8.5167,93.09,40,44,3.44,scattered clouds
19,Vaini,TO,-21.2,-175.2,73.56,94,75,3.44,broken clouds
20,Helsinki,FI,60.1695,24.9355,52.38,46,0,5.75,clear sky
21,Mandalgovi,MN,45.7625,106.2708,57.67,33,34,8.37,scattered clouds
22,Talnakh,RU,69.4865,88.3972,33.21,100,100,2.28,overcast clouds
23,Porto Novo,BJ,6.4965,2.6036,82.22,85,97,6.82,light rain
24,Saint-Francois,FR,46.4154,3.9054,78.24,65,0,6.91,clear sky
25,Colinas,BR,-6.0258,-44.2492,86.63,55,44,3.74,scattered clouds
26,Hammerfest,NO,70.6634,23.6821,48.65,66,75,4.61,broken clouds
27,Ushuaia,AR,-54.8,-68.3,40.62,81,20,2.3,few clouds
28,Avarua,CK,-21.2078,-159.775,78.57,79,33,13.85,light rain
29,Mao,ES,39.8885,4.2658,75.76,64,0,9.22,clear sky
30,Mongu,ZM,-15.2484,23.1274,58.98,28,51,5.93,broken clouds
31,Henderson,US,36.0397,-114.9819,87.84,13,0,5.75,clear sky
32,San Rafael,AR,-34.6177,-68.3301,72.81,15,85,10.42,overcast clouds
33,Los Llanos De Aridane,ES,28.6585,-17.9182,68.13,81,75,14.97,broken clouds
34,Camana,PE,-16.6228,-72.7111,69.46,73,68,11.45,broken clouds
35,Flin Flon,CA,54.7682,-101.865,64.24,19,75,14.97,broken clouds
36,Tasiilaq,GL,65.6145,-37.6368,35.76,95,100,8.93,overcast clouds
37,Puerto Escondido,MX,15.85,-97.0667,86.83,70,40,9.22,scattered clouds
38,Bredasdorp,ZA,-34.5322,20.0403,56.7,88,42,5.61,scattered clouds
39,Chapais,CA,49.7834,-74.8492,33.58,86,100,2.24,light snow
40,Rikitea,PF,-23.1203,-134.9692,75.92,76,3,13.38,light rain
41,Kapaa,US,22.0752,-159.319,78.78,84,20,10.36,few clouds
42,Sorland,NO,67.667,12.6934,48.06,93,100,8.01,overcast clouds
43,Sola,VU,-13.8833,167.55,80.8,76,20,2.57,few clouds
44,Sabha,LY,27.0377,14.4283,82.13,9,0,8.19,clear sky
45,Busselton,AU,-33.65,115.3333,61.23,70,93,25.7,light rain
46,Taoudenni,ML,22.6783,-3.9836,102.38,7,0,14.7,clear sky
47,Nhulunbuy,AU,-12.2333,136.7667,77.61,83,75,19.57,broken clouds
48,Cape Town,ZA,-33.9258,18.4232,60.12,83,0,5.75,clear sky
49,Narasannapeta,IN,18.4167,84.05,84.7,73,36,3.22,scattered clouds
50,Ilulissat,GL,69.2167,-51.1,35.62,93,75,5.75,light rain and snow
51,Thompson,CA,55.7435,-97.8558,60.96,29,75,6.91,broken clouds
52,Acarau,BR,-2.8856,-40.12,82.89,75,51,7.23,broken clouds
53,Geraldton,AU,-28.7667,114.6,64.81,72,40,13.8,scattered clouds
54,Kerman,IR,30.2832,57.0788,69.66,17,0,9.22,clear sky
55,Namibe,AO,-15.1961,12.1522,70.02,71,0,4.43,clear sky
56,Constitucion,CL,-35.3333,-72.4167,55.18,78,100,8.3,overcast clouds
57,Saint-Joseph,RE,-21.3667,55.6167,70.18,77,42,11.77,scattered clouds
58,Ixtapa,MX,20.7,-105.2,79.83,69,0,9.22,clear sky
59,Dongtai,CN,32.8523,120.3095,63.12,64,100,7.18,overcast clouds
60,Dhidhdhoo,MV,6.8833,73.1,83.7,78,47,15.12,scattered clouds
61,Waingapu,ID,-9.6567,120.2641,77.02,85,89,8.52,overcast clouds
62,Yakuplu,TR,40.9889,28.6758,67.35,64,40,5.75,scattered clouds
63,Cherskiy,RU,68.75,161.3,48.31,57,80,9.66,broken clouds
64,Norman Wells,CA,65.282,-126.8329,42.84,52,75,3.44,broken clouds
65,Vestmannaeyjar,IS,63.4427,-20.2734,54.59,66,0,6.91,clear sky
66,Bluff,NZ,-46.6,168.3333,49.86,72,93,22.62,overcast clouds
67,Moyobamba,PE,-6.05,-76.9667,82.92,51,41,3.33,scattered clouds
68,Wodonga,AU,-36.1167,146.8833,45.97,100,0,4.05,clear sky
69,Flinders,AU,-34.5833,150.8552,55.18,91,99,3.0,light rain
70,Sanming,CN,26.2486,117.6186,67.89,99,100,0.6,overcast clouds
71,Tocopilla,CL,-22.092,-70.1979,70.2,62,11,10.51,few clouds
72,Dikson,RU,73.5069,80.5464,25.11,90,100,9.75,overcast clouds
73,Aitape,PG,-3.1374,142.3475,78.4,84,67,5.03,broken clouds
74,Bambous Virieux,MU,-20.3428,57.7575,75.45,69,20,11.5,few clouds
75,Sungaipenuh,ID,-2.0833,101.3833,64.02,96,53,1.81,broken clouds
76,Pandan,PH,14.0453,124.1694,79.2,87,99,7.31,overcast clouds
77,Ocara,BR,-4.4908,-38.5967,81.43,78,52,6.02,broken clouds
78,Pisco,PE,-13.7,-76.2167,67.01,77,20,10.36,mist
79,Caravelas,BR,-17.7125,-39.2481,75.49,64,23,7.76,few clouds
80,Vidim,RU,56.4088,103.1106,40.35,97,66,4.54,broken clouds
81,Ambilobe,MG,-13.2,49.05,74.52,72,62,5.06,broken clouds
82,Qaanaaq,GL,77.484,-69.3632,25.29,75,100,2.93,overcast clouds
83,Vila Franca Do Campo,PT,37.7167,-25.4333,64.81,90,100,4.7,light rain
84,Sambava,MG,-14.2667,50.1667,74.75,83,72,12.01,broken clouds
85,Puerto Ayora,EC,-0.7393,-90.3518,78.76,76,41,10.96,scattered clouds
86,Clyde River,CA,70.4692,-68.5914,19.63,93,100,34.52,heavy snow
87,Oyama,JP,36.3,139.8,65.59,89,97,3.44,overcast clouds
88,Garowe,SO,8.4054,48.4845,89.67,33,97,19.08,overcast clouds
89,Beringovskiy,RU,63.05,179.3167,38.93,79,100,8.14,overcast clouds
90,Andenes,NO,69.3143,16.1194,46.38,93,100,3.44,overcast clouds
91,Surat,IN,21.1667,72.8333,85.98,79,40,17.27,scattered clouds
92,Fort Nelson,CA,58.8053,-122.7002,51.39,62,75,5.75,broken clouds
93,Port Lincoln,AU,-34.7333,135.8667,61.68,78,94,10.58,overcast clouds
94,Yellowknife,CA,62.456,-114.3525,36.12,80,100,6.91,light snow
95,Severo-Kurilsk,RU,50.6789,156.125,40.84,96,98,15.73,overcast clouds
96,Jamestown,US,42.097,-79.2353,56.84,94,100,14.97,overcast clouds
97,Baffa,PK,34.4378,73.2194,69.42,38,54,7.16,broken clouds
98,Nikolskoye,RU,59.7035,30.7861,51.69,54,1,2.21,clear sky
99,Karratha,AU,-20.7377,116.8463,77.88,74,100,5.82,overcast clouds
100,Ribeira Brava,PT,32.65,-17.0667,72.01,76,8,1.97,clear sky
101,Port Blair,IN,11.6667,92.75,82.96,81,100,21.79,moderate rain
102,Rio Gallegos,AR,-51.6226,-69.2181,42.85,56,0,13.8,clear sky
103,Mandera,KE,3.9366,41.867,86.94,49,39,17.34,scattered clouds
104,Monrovia,LR,6.3005,-10.7969,78.15,85,100,9.75,light rain
105,Hobart,AU,-42.8794,147.3294,50.25,84,100,11.5,overcast clouds
106,Bonthe,SL,7.5264,-12.505,78.6,85,100,9.17,light rain
107,Saint-Philippe,RE,-21.3585,55.7679,71.19,76,38,11.23,scattered clouds
108,Lokosovo,RU,61.1333,74.8167,52.52,78,100,11.92,overcast clouds
109,Victoria,HK,22.2855,114.1577,77.38,84,100,18.01,overcast clouds
110,Plerin,FR,48.5425,-2.7798,63.39,88,0,6.91,clear sky
111,Jalu,LY,29.0331,21.5482,77.52,21,0,9.84,clear sky
112,Oussouye,SN,12.485,-16.5469,86.18,57,85,12.93,overcast clouds
113,Tuktoyaktuk,CA,69.4541,-133.0374,23.0,74,100,8.05,overcast clouds
114,Alofi,NU,-19.0595,-169.9187,66.09,100,5,1.14,clear sky
115,Natal,BR,-5.795,-35.2094,79.45,100,100,26.46,overcast clouds
116,Saquena,PE,-4.6667,-73.5167,88.5,51,78,2.15,broken clouds
117,Saskylakh,RU,71.9167,114.0833,33.96,99,100,6.42,light snow
118,Saint George,US,37.1041,-113.5841,83.62,11,0,5.75,clear sky
119,Tessalit,ML,20.1986,1.0114,95.02,14,48,11.68,scattered clouds
120,Pevek,RU,69.7008,170.3133,34.66,88,42,11.21,scattered clouds
121,Georgetown,MY,5.4112,100.3354,82.33,88,20,0.0,few clouds
122,Pochutla,MX,15.7432,-96.4661,92.82,39,0,10.54,clear sky
123,Torbay,CA,47.6666,-52.7314,64.27,35,75,18.41,broken clouds
124,Turochak,RU,52.2576,87.1224,61.48,78,92,3.33,light rain
125,Zhigansk,RU,66.7697,123.3711,36.52,76,100,5.12,overcast clouds
126,Luderitz,NA,-26.6481,15.1594,58.19,69,24,7.27,few clouds
127,Chaozhou,CN,23.6651,116.6379,71.46,94,100,1.1,overcast clouds
128,Saldanha,ZA,-33.0117,17.9442,55.45,87,91,5.77,overcast clouds
129,Cam Ranh,VN,11.9214,109.1591,80.56,83,40,1.14,scattered clouds
130,Codrington,AU,-38.2667,141.9667,43.59,95,4,7.72,clear sky
131,Komsomolskiy,UZ,40.4272,71.7189,57.92,67,40,4.61,scattered clouds
132,Bereda,ES,43.2686,-7.5406,62.58,99,100,3.04,overcast clouds
133,Caucaia,BR,-3.7361,-38.6531,85.95,74,40,9.22,scattered clouds
134,Conselice,IT,44.5119,11.8312,80.62,65,89,6.38,overcast clouds
135,Atuona,PF,-9.8,-139.0333,77.34,81,31,17.4,light rain
136,Saint Anthony,US,45.0205,-93.218,56.8,42,100,14.97,overcast clouds
137,Fairbanks,US,64.8378,-147.7164,62.31,31,0,6.91,clear sky
138,Itupiranga,BR,-5.1347,-49.3267,91.72,59,38,4.61,scattered clouds
139,Longyearbyen,SJ,78.2186,15.6401,37.24,81,75,1.14,broken clouds
140,Timon,BR,-5.0942,-42.8367,89.38,55,40,6.91,scattered clouds
141,Coahuayana,MX,18.7333,-103.6833,90.25,47,0,8.57,clear sky
142,Kozelsk,RU,54.0375,35.7716,40.48,72,6,7.2,clear sky
143,Isangel,VU,-19.55,169.2667,75.47,85,70,6.85,broken clouds
144,Lebu,CL,-37.6167,-73.65,52.27,87,100,11.05,overcast clouds
145,Nador,MA,35.174,-2.9287,80.67,47,0,13.8,clear sky
146,Castro,BR,-24.7911,-50.0119,66.0,40,2,5.53,clear sky
147,Morehead,US,37.2711,-87.1764,66.85,74,100,5.75,overcast clouds
148,Husavik,IS,66.0449,-17.3389,37.44,99,100,8.77,overcast clouds
149,Ribeira Grande,PT,38.5167,-28.7,64.8,100,75,2.3,light intensity drizzle
150,Nuuk,GL,64.1835,-51.7216,36.21,87,75,32.03,broken clouds
151,Sarakhs,IR,36.5449,61.1577,69.94,32,0,4.61,clear sky
152,San Quintin,MX,30.4833,-115.95,65.66,57,0,12.91,clear sky
153,Sangre Grande,TT,10.5835,-61.1177,87.93,67,67,11.25,broken clouds
154,Butaritari,KI,3.0707,172.7902,81.34,79,59,10.8,light rain
155,Simpang,ID,-1.2667,104.0833,74.97,98,86,3.09,overcast clouds
156,Liku,ID,-0.7275,119.8922,75.72,90,100,2.44,overcast clouds
157,Vostok,RU,46.4856,135.8833,40.19,95,88,2.86,overcast clouds
158,Shache,CN,38.4167,77.2406,71.51,32,100,12.03,overcast clouds
159,Puerto Maldonado,PE,-12.6,-69.1833,82.44,58,73,3.09,broken clouds
160,Chokurdakh,RU,70.6333,147.9167,32.68,100,100,3.36,overcast clouds
161,Nanortalik,GL,60.1432,-45.2371,37.51,98,100,6.85,light rain
162,Slovenska Bistrica,SI,46.3928,15.5744,71.47,69,90,4.61,overcast clouds
163,Nagato,JP,34.3833,131.2,67.19,91,5,5.06,clear sky
164,Kvam,NO,61.6656,9.6898,55.2,63,81,6.67,broken clouds
165,Kozluk,TR,38.1938,41.4885,62.85,36,91,5.86,overcast clouds
166,Upernavik,GL,72.7868,-56.1549,32.61,100,100,6.2,snow
167,Saint-Augustin,CA,51.226,-58.6502,54.21,81,74,11.92,broken clouds
168,Joao Pessoa,BR,-7.115,-34.8631,80.83,83,75,13.8,light rain
169,Port Elizabeth,ZA,-33.918,25.5701,57.09,88,0,3.44,clear sky
170,Airai,TL,-8.9266,125.4092,58.64,90,50,3.58,scattered clouds
171,Azangaro,PE,-14.9167,-70.2167,58.98,22,30,15.3,scattered clouds
172,Zhuhai,CN,22.2769,113.5678,77.86,88,40,16.11,light intensity shower rain
173,Hanna,CA,51.6334,-111.9018,56.86,30,10,1.01,clear sky
174,Gat,IL,31.61,34.7642,68.81,27,0,6.96,clear sky
175,Haines Junction,CA,60.7522,-137.5108,53.55,35,100,3.44,overcast clouds
176,Carnarvon,AU,-24.8667,113.6333,70.86,57,33,18.01,scattered clouds
177,Leningradskiy,RU,69.3833,178.4167,33.67,92,100,3.94,overcast clouds
178,Pangnirtung,CA,66.1451,-65.7125,35.6,69,75,6.91,broken clouds
179,Casablanca,MA,33.5928,-7.6192,73.62,75,75,11.5,broken clouds
180,Manta,EC,-0.95,-80.7333,83.98,70,40,11.5,scattered clouds
181,Barrow,US,71.2906,-156.7887,23.02,86,100,11.5,mist
182,Chuy,UY,-33.6971,-53.4616,64.35,52,0,4.43,clear sky
183,Mwinilunga,ZM,-11.7358,24.4293,62.37,56,68,5.32,broken clouds
184,Soubre,CI,5.7856,-6.6083,71.31,99,100,3.58,light rain
185,Sao Filipe,CV,14.8961,-24.4956,72.28,78,6,13.89,clear sky
186,Klaksvik,FO,62.2266,-6.589,50.92,89,53,3.78,broken clouds
187,Cabo San Lucas,MX,22.8909,-109.9124,85.3,47,0,0.0,clear sky
188,Bajos De Haina,DO,18.4154,-70.0332,91.36,65,40,11.5,scattered clouds
189,Drovyanaya,RU,51.5833,113.0333,53.64,65,99,10.27,overcast clouds
190,Kabompo,ZM,-13.5927,24.2008,59.14,54,20,6.04,few clouds
191,Mehamn,NO,71.0357,27.8492,40.91,88,95,5.59,overcast clouds
192,Turayf,SA,31.6725,38.6637,73.65,33,75,29.93,broken clouds
193,East London,ZA,-33.0153,27.9116,59.94,88,0,3.44,clear sky
194,Portland,US,45.5234,-122.6762,69.84,55,100,5.01,overcast clouds
195,Khatanga,RU,71.9667,102.5,31.82,93,100,6.78,overcast clouds
196,Belaya Kholunitsa,RU,58.84,50.8528,34.65,98,100,5.1,light snow
197,Arlit,NE,18.7369,7.3853,94.44,13,100,7.58,overcast clouds
198,Katobu,ID,-4.9408,122.5276,74.64,94,28,4.12,scattered clouds
199,Pangai,TO,-19.8,-174.35,77.11,83,40,4.61,scattered clouds
200,Maraa,BR,-1.8333,-65.3667,83.59,69,67,1.21,light rain
201,Dawlatabad,AF,36.4141,64.9053,65.12,28,0,6.29,clear sky
202,Mackenzie,CA,55.2999,-123.1698,59.22,33,0,4.61,clear sky
203,Creel,MX,27.75,-107.6333,77.83,10,8,11.92,clear sky
204,Itaituba,BR,-4.2761,-55.9836,91.56,55,20,0.0,few clouds
205,Kulhudhuffushi,MV,6.6221,73.07,83.23,78,21,14.63,few clouds
206,Swan Hill,AU,-35.3378,143.5544,48.42,69,0,7.31,clear sky
207,Quatre Cocos,MU,-20.2078,57.7625,75.31,70,25,15.64,scattered clouds
208,Leua,SK,48.2156,18.6071,62.69,71,10,6.62,clear sky
209,Virginia Beach,US,36.8529,-75.978,90.01,65,75,18.41,broken clouds
210,Ponta Do Sol,PT,32.6667,-17.1,72.01,75,14,2.06,few clouds
211,Benghazi,LY,32.1167,20.0667,67.62,66,0,5.5,clear sky
212,Hithadhoo,MV,-0.6,73.0833,83.86,72,90,11.77,overcast clouds
213,Moundsville,US,39.9203,-80.7431,76.84,87,100,9.95,light rain
214,Mamallapuram,IN,12.6264,80.1722,91.06,65,74,14.07,broken clouds
215,Arraial Do Cabo,BR,-22.9661,-42.0278,76.96,64,0,12.66,clear sky
216,Nampula,MZ,-15.1165,39.2666,73.35,83,0,8.05,clear sky
217,Yima,CN,34.7381,111.8839,62.51,71,54,3.33,broken clouds
218,Shibetsu,JP,43.659,145.132,48.92,98,100,5.37,moderate rain
219,Taldan,RU,53.6667,124.8,40.6,97,100,12.48,moderate rain
220,Joshimath,IN,30.5667,79.5667,58.33,84,68,1.86,broken clouds
221,Leh,IN,34.1667,77.5833,47.1,45,100,8.55,overcast clouds
222,Henties Bay,NA,-22.116,14.2845,61.81,62,7,8.93,clear sky
223,Dharmavaram,IN,14.4333,77.7167,79.59,68,57,21.25,broken clouds
224,Alta Floresta,BR,-9.8756,-56.0861,91.22,29,0,2.3,clear sky
225,Kahului,US,20.8947,-156.47,80.62,63,20,14.0,few clouds
226,Cururupu,BR,-1.8283,-44.8683,82.49,76,13,3.76,few clouds
227,Corleone,IT,37.8134,13.3017,67.37,49,0,3.85,clear sky
228,Loule,PT,37.1377,-8.0197,75.33,73,0,19.57,clear sky
229,Bukachacha,RU,52.9833,116.9167,43.86,88,100,3.13,light rain
230,Presidencia Roque Saenz Pena,AR,-26.7852,-60.4388,75.2,37,0,5.66,clear sky
231,Sao Joao Da Barra,BR,-21.6403,-41.0511,77.09,66,20,9.75,few clouds
232,Novosheshminsk,RU,55.0651,51.2338,36.73,81,10,4.07,clear sky
233,Oriximina,BR,-1.7656,-55.8661,85.51,60,15,5.03,few clouds
234,Mongo,TD,12.1844,18.693,97.59,16,100,5.01,overcast clouds
235,Cerqueira Cesar,BR,-23.0356,-49.1661,69.13,41,0,5.26,clear sky
236,Nome,US,64.5011,-165.4064,62.67,23,0,16.11,clear sky
237,Jimma,ET,7.6667,36.8333,60.98,89,43,2.21,scattered clouds
238,Marsa Matruh,EG,31.3525,27.2453,68.2,77,0,11.5,clear sky
239,Weinan,CN,34.5036,109.5089,65.59,49,0,4.7,clear sky
240,Trelew,AR,-43.249,-65.3051,48.52,79,100,14.74,moderate rain
241,Hokitika,NZ,-42.7167,170.9667,44.46,80,0,5.01,clear sky
242,Bethel,US,41.3712,-73.414,92.01,58,0,9.22,clear sky
243,Esperance,AU,-33.8667,121.9,63.0,74,24,10.92,few clouds
244,Mahebourg,MU,-20.4081,57.7,75.49,69,20,11.5,few clouds
245,Dunedin,NZ,-45.8742,170.5036,47.8,69,67,11.99,broken clouds
246,Provideniya,RU,64.3833,-173.3,49.15,43,100,10.78,overcast clouds
247,Iqaluit,CA,63.7506,-68.5145,26.33,79,100,24.16,light snow
248,Notse,TG,6.95,1.1667,74.25,83,51,4.83,broken clouds
249,Dingle,PH,10.9995,122.6711,77.2,88,100,4.23,overcast clouds
250,Luang Prabang,LA,19.8856,102.1347,73.02,100,100,1.39,overcast clouds
251,Maragogi,BR,-9.0122,-35.2225,79.2,79,5,15.23,clear sky
252,Bougouni,ML,11.417,-7.479,82.29,55,100,3.2,light rain
253,Mocuba,MZ,-16.8392,36.9856,68.72,86,95,2.71,overcast clouds
254,Agadez,NE,19.75,10.25,88.84,10,100,5.64,overcast clouds
255,Monduli,TZ,-3.3,36.45,62.46,72,84,4.99,broken clouds
256,Idah,NG,7.1065,6.7342,76.62,91,100,5.5,overcast clouds
257,Tuatapere,NZ,-46.1333,167.6833,43.93,84,65,7.61,broken clouds
258,Kaitangata,NZ,-46.2817,169.8464,46.53,84,83,13.11,broken clouds
259,Broken Hill,AU,-31.95,141.4333,54.07,81,3,5.93,clear sky
260,Hasaki,JP,35.7333,140.8333,59.4,83,100,6.31,moderate rain
261,Novyy Chirkey,RU,43.162,47.0559,62.65,59,0,2.33,clear sky
262,Vagay,RU,57.9375,69.0217,39.31,93,18,5.23,few clouds
263,Banyo,CM,6.75,11.8167,66.85,91,68,4.0,light rain
264,Sibolga,ID,1.7427,98.7792,76.8,88,100,3.42,overcast clouds
265,La Ronge,CA,55.1001,-105.2842,62.85,15,75,12.66,broken clouds
266,Hofn,IS,64.2539,-15.2082,53.62,54,75,20.71,broken clouds
267,Alice Springs,AU,-23.7,133.8833,45.95,71,44,0.0,scattered clouds
268,Gigmoto,PH,13.7796,124.39,79.84,86,100,7.07,overcast clouds
269,Cranbrook,CA,49.4999,-115.7688,55.24,35,20,2.3,few clouds
270,Samarinda,ID,-0.5,117.15,73.49,99,82,1.03,broken clouds
271,Yulara,AU,-25.2406,130.9889,56.73,43,100,8.34,overcast clouds
272,Coihaique,CL,-45.5752,-72.0662,40.95,70,75,6.91,broken clouds
273,Ahipara,NZ,-35.1667,173.1667,58.89,75,100,10.22,overcast clouds
274,Kodiak,US,57.79,-152.4072,49.51,76,75,14.97,broken clouds
275,Newport,GB,51.5877,-2.9984,64.92,68,100,6.4,overcast clouds
276,Nyuksenitsa,RU,60.4128,44.2397,32.04,97,100,9.22,light snow
277,Rawson,AR,-43.3002,-65.1023,48.7,83,100,19.24,moderate rain
278,Myskhako,RU,44.6714,37.7433,55.18,83,100,1.25,overcast clouds
279,Zavetnoye,RU,47.1194,43.8903,54.81,88,100,11.18,overcast clouds
280,Along,IN,28.1667,94.7667,69.89,97,100,1.74,overcast clouds
281,Tautira,PF,-17.7333,-149.15,79.23,74,26,14.63,scattered clouds
282,Parrita,CR,9.5201,-84.3225,83.23,77,48,6.15,scattered clouds
283,Melfi,IT,40.9965,15.6514,71.49,78,6,5.95,clear sky
284,Hovd,MN,48.0056,91.6419,63.81,21,97,2.17,overcast clouds
285,Kysyl-Syr,RU,63.8986,122.7617,43.12,74,20,3.4,few clouds
286,Erenhot,CN,43.6475,111.9767,67.28,35,78,4.99,broken clouds
287,Skjervoy,NO,70.0311,20.9714,48.2,88,99,1.61,overcast clouds
288,Uyskoye,RU,54.3775,60.0047,38.55,89,68,7.43,broken clouds
289,Montrose,US,38.4166,-108.2673,57.72,16,71,18.21,broken clouds
290,Katsuura,JP,35.1333,140.3,64.9,88,66,9.51,broken clouds
291,Gidam,IN,18.9833,81.4,84.65,28,29,2.06,scattered clouds
292,Nachingwea,TZ,-10.3833,38.7667,68.22,72,34,2.13,scattered clouds
293,Alibag,IN,18.6411,72.8792,86.07,74,100,10.87,overcast clouds
294,Decatur,US,39.8403,-88.9548,61.25,51,0,13.8,clear sky
295,Safford,US,32.834,-109.7076,83.32,18,0,10.36,clear sky
296,Wolgast,DE,54.05,13.7667,51.91,82,8,3.6,clear sky
297,Salamina,GR,37.9643,23.4965,77.85,32,20,0.0,few clouds
298,Zeya,RU,53.75,127.2667,42.1,93,100,13.38,moderate rain
299,Senador Guiomard,BR,-10.1522,-67.7392,85.75,60,99,2.57,overcast clouds
300,Marienburg,PL,54.0359,19.0266,52.88,94,20,5.93,few clouds
301,Hay River,CA,60.8156,-115.7999,37.38,93,100,6.91,light rain
302,Salinopolis,BR,-0.6136,-47.3561,81.09,81,28,5.64,moderate rain
303,Lavrentiya,RU,65.5833,-171.0,38.86,76,100,9.1,overcast clouds
304,Souillac,MU,-20.5167,57.5167,75.58,69,20,11.5,few clouds
305,Narrabri,AU,-30.3167,149.7833,56.59,73,100,8.12,overcast clouds
306,Pimentel,PE,-6.8367,-79.9342,71.89,60,0,20.71,clear sky
307,Cairns,AU,-16.9167,145.7667,73.35,85,100,8.05,overcast clouds
308,Gamba,GA,-2.65,10.0,75.69,74,76,6.73,broken clouds
309,Lasa,IT,46.6166,10.7002,77.88,90,100,5.79,light rain
310,Ca Mau,VN,9.1769,105.15,77.79,89,100,4.36,light rain
311,Churapcha,RU,62.0025,132.4325,36.9,85,9,5.93,clear sky
312,Shingu,JP,33.7333,135.9833,62.85,74,0,6.35,clear sky
313,Chaohu,CN,31.6,117.8667,68.68,76,100,3.62,overcast clouds
314,Ordzhonikidze,KZ,52.4411,61.7408,47.08,70,100,13.04,overcast clouds
315,Mildura,AU,-34.2,142.15,48.07,88,8,10.04,clear sky
316,Vetluzhskiy,RU,58.3902,45.4654,33.19,90,97,7.11,overcast clouds
317,Yabrud,SY,33.9674,36.6574,54.25,35,0,10.07,clear sky
318,Zyryanka,RU,65.75,150.85,46.63,60,100,13.09,overcast clouds
319,Cody,US,44.5263,-109.0565,54.91,46,0,5.99,clear sky
320,Gobabis,NA,-22.45,18.9667,52.07,49,0,8.16,clear sky
321,Fortuna,US,40.5982,-124.1573,59.86,87,75,11.5,broken clouds
322,Pangody,RU,65.85,74.4859,46.11,80,100,19.62,overcast clouds
323,Hanting,CN,36.7708,119.2108,72.18,43,84,6.53,broken clouds
324,Ancud,CL,-41.8697,-73.8203,48.94,68,0,14.14,light rain
325,Teya,RU,60.3778,92.6267,44.92,87,0,1.99,clear sky
326,Viedma,AR,-40.8135,-62.9967,58.64,35,100,13.31,light rain
327,Kupang,ID,-10.1667,123.5833,76.23,84,36,8.81,scattered clouds
328,Camacha,PT,33.0833,-16.3333,65.62,64,20,12.66,few clouds
329,Aguas Vermelhas,BR,-15.7472,-41.46,76.98,34,0,6.02,clear sky
330,Gazanjyk,TM,39.2446,55.5154,73.22,31,0,18.66,clear sky
331,Floha,DE,50.8561,13.0741,61.83,80,93,2.77,overcast clouds
332,Nsanje,MW,-16.92,35.262,73.31,76,4,3.96,clear sky
333,Murmashi,RU,68.8154,32.8115,39.61,93,75,0.0,light intensity shower rain
334,Lata,PT,40.1629,-8.3327,63.81,82,62,8.12,broken clouds
335,Port Macquarie,AU,-31.4333,152.9167,55.89,85,100,3.89,overcast clouds
336,Tokonou,GN,9.65,-9.7833,75.31,78,99,6.8,overcast clouds
337,Mujiayingzi,CN,42.1167,118.7833,64.9,49,100,6.49,overcast clouds
338,Juegang,CN,32.3174,121.1855,69.94,76,100,8.37,overcast clouds
339,Buraydah,SA,26.326,43.975,97.25,8,1,16.67,clear sky
340,Goundi,TD,9.3627,17.366,92.39,31,89,0.92,overcast clouds
341,Phetchabun,TH,16.25,101.0833,74.37,97,91,2.55,overcast clouds
342,Rantepao,ID,-2.9701,119.8978,66.81,97,100,1.43,overcast clouds
343,Soyo,AO,-6.1349,12.3689,75.56,77,60,9.8,broken clouds
344,Arrecife,ES,28.963,-13.5477,73.38,60,20,25.32,few clouds
345,Adrar,MR,20.5022,-10.0711,98.73,10,94,8.23,overcast clouds
346,Agen,FR,44.2,0.6333,82.56,65,0,2.3,clear sky
347,Molina,CL,-35.1167,-71.2833,54.37,100,100,3.44,heavy intensity rain
348,Pyaozerskiy,RU,65.8333,31.1667,37.62,95,100,3.09,overcast clouds
349,Cidreira,BR,-30.1811,-50.2056,62.58,66,100,4.29,overcast clouds
350,Suffolk,US,40.8668,-72.7996,89.89,77,0,11.5,clear sky
351,Nemuro,JP,43.3236,145.575,45.23,98,100,11.92,light rain
352,Batemans Bay,AU,-35.7167,150.1833,54.1,87,81,5.53,broken clouds
353,Pingliang,CN,35.5392,106.6861,57.34,82,3,2.8,clear sky
354,Seoul,KR,37.5683,126.9778,62.17,85,75,5.75,mist
355,Phitsanulok,TH,16.9167,100.5,72.41,94,100,4.16,overcast clouds
356,Omboue,GA,-1.5746,9.2618,75.34,84,14,8.03,few clouds
357,Kendari,ID,-3.945,122.4989,74.44,95,17,2.62,few clouds
358,Scarborough,GB,54.2797,-0.4044,63.91,86,100,12.57,overcast clouds
359,Prado,BR,-17.3411,-39.2208,75.2,67,1,8.57,clear sky
360,Najran,SA,17.4924,44.1277,84.85,11,0,4.23,clear sky
361,Sid,RS,45.1283,19.2264,69.55,65,6,6.64,clear sky
362,Lagoa,PT,39.05,-27.9833,62.24,92,100,5.97,overcast clouds
363,Sayyan,YE,15.1718,44.3244,66.81,17,21,2.55,few clouds
364,Yaan,NG,7.3833,8.5667,80.01,72,77,6.69,broken clouds
365,Khasan,RU,42.4308,130.6434,51.42,79,15,3.58,few clouds
366,Shiraz,IR,29.6036,52.5388,80.04,9,0,4.61,clear sky
367,Grafton,US,42.207,-71.6856,95.61,43,0,12.66,clear sky
368,Sistranda,NO,63.7256,8.834,57.16,83,100,14.56,overcast clouds
369,Kidal,ML,18.4411,1.4078,87.46,30,42,16.06,scattered clouds
370,Vilhena,BR,-12.7406,-60.1458,84.42,39,40,5.75,scattered clouds
371,Cap Malheureux,MU,-19.9842,57.6142,72.46,77,6,4.0,clear sky
372,Ylivieska,FI,64.0833,24.55,47.34,53,100,5.03,overcast clouds
373,Faanui,PF,-16.4833,-151.75,80.44,73,12,15.26,few clouds
374,Xinzhou,CN,38.4092,112.7333,62.06,59,100,1.43,overcast clouds
375,Zlitan,LY,32.4674,14.5687,69.51,53,0,7.02,clear sky
376,Oranjestad,AW,12.524,-70.027,87.75,62,20,26.46,few clouds
377,Te Anau,NZ,-45.4167,167.7167,36.86,91,14,0.67,few clouds
378,Redcliffe,AU,-27.2307,153.0973,62.55,82,75,6.91,light rain
379,Luena,AO,-11.7833,19.9167,60.53,54,16,4.27,few clouds
380,Copiapo,CL,-27.3667,-70.3333,60.49,32,0,6.26,clear sky
381,Tarko-Sale,RU,64.9225,77.785,54.79,64,18,17.29,few clouds
382,Comarapa,BO,-17.9,-64.4833,62.29,63,45,7.18,scattered clouds
383,Yorkton,CA,51.2167,-102.4677,58.84,26,0,8.05,clear sky
384,Ewa Beach,US,21.3156,-158.0072,80.55,64,100,12.66,overcast clouds
385,Mirnyy,RU,62.5353,113.9611,46.67,85,87,1.95,light rain
386,Doda,IN,33.1333,75.5667,62.64,73,89,6.67,overcast clouds
387,Praia,CV,14.9215,-23.5087,77.54,57,20,19.57,few clouds
388,Garoua,CM,9.3,13.4,91.89,37,35,5.97,scattered clouds
389,Lakes Entrance,AU,-37.8811,147.981,39.16,91,5,4.32,clear sky
390,Coquimbo,CL,-29.9533,-71.3436,60.53,77,20,13.8,few clouds
391,Shagamu,NG,6.8432,3.6478,80.38,94,100,3.58,moderate rain
392,Lompoc,US,34.6391,-120.4579,73.69,65,0,12.66,clear sky
393,Buala,SB,-8.145,159.5921,79.77,80,7,5.59,light rain
394,Nizhniy Odes,RU,63.6445,54.856,32.2,98,100,11.12,snow
395,Avera,US,33.194,-82.5271,88.38,36,100,11.54,overcast clouds
396,Anchorage,US,61.2181,-149.9003,63.86,39,0,4.61,clear sky
397,Sanandaj,IR,35.3144,46.9923,68.02,23,0,0.0,clear sky
398,Winneba,GH,5.3511,-0.6231,76.42,85,100,7.81,overcast clouds
399,Sergeyevka,KZ,53.88,67.4158,48.4,67,100,14.54,overcast clouds
400,Talara,PE,-4.5772,-81.2719,75.96,64,0,20.71,clear sky
401,Coracao De Jesus,BR,-16.6853,-44.365,80.76,26,20,2.51,few clouds
402,Morondava,MG,-20.2833,44.2833,74.61,75,1,9.42,clear sky
403,Mizan Teferi,ET,6.9833,35.5833,62.73,94,100,1.77,overcast clouds
404,Coos Bay,US,43.3665,-124.2179,66.31,91,0,9.22,clear sky
405,Tatawin,TN,32.9297,10.4518,80.04,16,0,10.56,clear sky
406,Puttur,IN,12.7667,75.2167,77.11,97,100,1.92,overcast clouds
407,Pocone,BR,-16.2567,-56.6228,89.19,24,3,2.71,clear sky
408,Mount Gambier,AU,-37.8333,140.7667,37.31,93,100,4.61,fog
409,Bandar,ID,2.05,99.75,73.87,95,100,2.28,overcast clouds
410,Necochea,AR,-38.5473,-58.7368,60.98,47,100,12.91,overcast clouds
411,Yebaishou,CN,41.3975,119.6408,65.91,43,61,3.58,broken clouds
412,Hambantota,LK,6.1241,81.1185,79.43,85,81,15.97,broken clouds
413,Vanimo,PG,-2.6741,141.3028,77.79,88,68,4.38,broken clouds
414,Lorengau,PG,-2.0226,147.2712,82.9,70,90,11.56,overcast clouds
415,Isilkul,RU,54.9109,71.2728,46.45,67,7,13.65,clear sky
416,Whitehorse,CA,60.7161,-135.0538,58.1,33,75,2.3,broken clouds
417,Beipiao,CN,41.7919,120.7792,66.6,46,94,3.58,overcast clouds
418,Luorong,CN,24.4058,109.6086,66.31,98,100,5.64,light rain
419,Berlevag,NO,70.8578,29.0864,40.95,81,75,8.05,broken clouds
420,San Ramon,US,37.7799,-121.978,81.81,40,0,7.0,clear sky
421,Setermoen,NO,68.861,18.3486,53.56,100,100,3.56,overcast clouds
422,Maridi,SS,4.9158,29.4742,72.57,78,47,2.55,light rain
423,At-Bashi,KG,41.1702,75.8106,43.52,96,100,5.48,overcast clouds
424,Casa Nova,BR,-9.4167,-41.1333,86.13,41,32,15.23,scattered clouds
425,Pinotepa Nacional,MX,16.3167,-98.0167,92.14,38,4,11.72,clear sky
426,Road Town,VG,18.4167,-64.6167,86.04,66,40,11.5,scattered clouds
427,Karema,TZ,-6.8205,30.4389,72.5,74,85,3.38,overcast clouds
428,Kisangani,CD,0.5167,25.2,74.28,85,100,4.25,light rain
429,Puerto Narino,CO,-3.7703,-70.3831,80.96,85,98,3.38,overcast clouds
430,Gusau,NG,12.1628,6.6614,92.41,25,99,2.33,overcast clouds
431,Naze,JP,28.3667,129.4833,65.32,72,100,2.8,overcast clouds
432,San Policarpo,PH,12.1791,125.5072,79.12,86,43,8.55,scattered clouds
433,Vardo,NO,70.3705,31.1107,37.38,93,75,16.11,broken clouds
434,Priiskovyy,RU,51.9333,116.6333,50.47,65,34,3.15,scattered clouds
435,Campbell River,CA,50.0163,-125.2446,61.45,47,75,6.91,broken clouds
436,Conde,BR,-7.2597,-34.9075,80.06,83,75,13.8,light rain
437,Sidareja,ID,-7.4846,108.7923,74.53,96,92,1.72,overcast clouds
438,Bengkulu,ID,-3.8004,102.2655,76.19,90,28,3.78,light rain
439,Shimoda,JP,34.6667,138.95,64.62,87,2,8.75,clear sky
440,Olinda,BR,-8.0089,-34.8553,83.93,65,75,18.41,light rain
441,Marquette,US,46.5333,-87.6335,44.78,84,100,6.02,overcast clouds
442,Yeppoon,AU,-23.1333,150.7333,65.98,88,100,10.56,overcast clouds
443,Gander,CA,48.9682,-54.5906,57.33,67,100,18.41,overcast clouds
444,High Rock,BS,26.6208,-78.2833,82.42,75,83,14.47,broken clouds
445,Rovaniemi,FI,66.5,25.7167,54.81,87,42,6.91,scattered clouds
446,North Branch,US,45.5113,-92.9802,57.04,50,100,4.0,overcast clouds
447,Shchelkun,RU,56.3034,60.9483,36.97,92,11,8.66,few clouds
448,Yuxia,CN,34.0615,108.6291,66.81,55,3,7.29,clear sky
449,Chimoio,MZ,-19.1164,33.4833,64.26,100,75,5.64,thunderstorm with rain
450,Sitka,US,57.0531,-135.33,51.69,76,40,6.91,scattered clouds
451,Cochrane,CA,51.1834,-114.4687,58.6,27,40,11.5,scattered clouds
452,Maceio,BR,-9.6658,-35.7353,81.84,69,75,11.5,broken clouds
453,Broome,US,42.2506,-75.833,85.98,57,0,12.66,clear sky
454,Tanete,ID,-3.9443,119.7848,75.74,90,100,4.5,overcast clouds
455,Halifax,CA,44.6453,-63.5724,67.89,91,100,8.05,overcast clouds
456,Potosi,BO,-19.5836,-65.7531,50.72,10,6,3.98,clear sky
457,Itarema,BR,-2.9248,-39.9167,81.79,81,61,8.01,broken clouds
458,Burns Lake,CA,54.2331,-125.7533,58.42,28,0,6.62,clear sky
459,Port Hardy,CA,50.6996,-127.4199,48.38,93,75,4.61,broken clouds
460,Champerico,GT,14.3,-91.9167,86.54,72,100,9.75,overcast clouds
461,Peno,RU,56.9262,32.7426,38.86,61,0,4.85,clear sky
462,Guerrero Negro,MX,27.9769,-114.0611,67.8,57,0,14.58,clear sky
463,Vanavara,RU,60.34,102.2797,43.27,93,28,3.02,scattered clouds
464,Aleksandrov Gay,RU,50.147,48.5704,49.42,98,100,4.65,overcast clouds
465,Korla,CN,41.7597,86.1469,80.1,14,100,14.65,overcast clouds
466,Jinxiang,CN,27.4327,120.6062,64.58,97,100,3.85,overcast clouds
467,Chegdomyn,RU,51.1167,133.0167,43.7,78,100,5.53,light rain
468,Grindavik,IS,63.8424,-22.4338,55.35,66,0,21.85,clear sky
469,Saint Marys,US,30.7305,-81.5465,91.06,75,40,17.27,scattered clouds
470,Puerto Madero,MX,14.7208,-92.4215,85.53,69,44,9.55,scattered clouds
471,Salamiyah,SY,35.0113,37.0532,61.09,65,0,18.77,clear sky
472,Fernley,US,39.608,-119.2518,72.28,15,10,5.99,clear sky
473,Noumea,NC,-22.2763,166.4572,78.78,99,27,5.48,scattered clouds
474,Maldonado,UY,-34.6667,-54.9167,65.59,52,43,2.06,scattered clouds
475,Sompeta,IN,18.9333,84.6,83.97,75,87,6.69,overcast clouds
476,Touho,NC,-20.7833,165.2333,75.9,85,54,7.61,broken clouds
477,Santiago Del Estero,AR,-27.7951,-64.2615,78.28,28,0,11.97,clear sky
478,Olafsvik,IS,64.8945,-23.7142,45.55,64,1,11.9,clear sky
479,Peleduy,RU,59.6289,112.7406,42.62,95,89,0.58,overcast clouds
480,Miles City,US,46.4083,-105.8406,54.57,37,0,11.5,clear sky
481,Tiznit,MA,29.5833,-9.5,78.08,45,15,3.91,few clouds
482,Balykshi,KZ,47.0667,51.8667,62.6,82,40,17.9,mist
483,Sohag,EG,26.557,31.6948,80.89,19,0,11.72,clear sky
484,Irituia,BR,-1.7711,-47.4381,84.99,66,45,4.27,scattered clouds
485,Shu,KZ,43.5983,73.7614,50.59,88,100,8.1,overcast clouds
486,Livani,LV,56.3543,26.1758,47.5,68,100,3.87,overcast clouds
487,Moerai,PF,-22.4333,-151.3333,78.19,70,21,8.84,few clouds
488,Nouadhibou,MR,20.931,-17.0347,69.78,73,1,21.85,clear sky
489,Tamandare,BR,-8.7597,-35.1047,79.97,77,10,14.67,clear sky
490,Hermosillo,MX,29.0667,-110.9667,94.68,16,75,7.0,broken clouds
491,Babu,CN,24.4167,111.5167,68.14,98,100,1.23,overcast clouds
492,Elko,US,41.0002,-115.5012,61.05,23,62,7.0,broken clouds
493,Kununurra,AU,-15.7667,128.7333,60.78,77,93,0.0,overcast clouds
494,Tahoua,NE,14.8888,5.2692,91.38,33,20,17.27,thunderstorm with light rain
495,Chumikan,RU,54.7183,135.315,29.95,97,100,6.8,overcast clouds
496,Sao Miguel Do Araguaia,BR,-13.275,-50.1628,85.96,23,5,1.92,clear sky
497,Tiksi,RU,71.6872,128.8694,30.58,87,100,5.44,overcast clouds
498,Valparai,IN,10.3667,76.9667,62.85,93,93,3.36,overcast clouds
499,Haysville,US,37.5645,-97.3523,68.31,32,0,11.5,clear sky
500,Labuhan,ID,-6.8844,112.2051,79.52,84,100,10.96,light rain
501,Moindou,NC,-21.6924,165.677,74.91,85,26,5.86,scattered clouds
502,Masuguru,TZ,-11.3667,38.4167,72.16,61,6,0.72,clear sky
503,Laguna,US,38.421,-121.4238,85.08,30,0,5.75,clear sky
504,Red Bluff,US,40.1785,-122.2358,83.86,15,0,19.57,clear sky
505,Tura,IN,25.5198,90.2201,72.48,93,98,3.62,overcast clouds
506,Reynosa,MX,26.0833,-98.2833,90.97,65,100,13.8,overcast clouds
507,Tecoanapa,MX,16.5167,-98.75,85.1,58,0,10.56,clear sky
508,Williston,US,48.147,-103.618,56.03,31,100,3.0,overcast clouds
509,San Juan,AR,-31.5375,-68.5364,76.37,15,30,5.82,scattered clouds
510,Juneau,US,58.3019,-134.4197,61.84,62,40,5.75,scattered clouds
511,Imbituba,BR,-28.24,-48.6703,66.09,79,98,5.01,overcast clouds
512,Yantzaza,EC,-3.8278,-78.7594,81.75,58,76,3.47,light rain
513,Fare,PF,-16.7,-151.0167,80.55,69,6,14.52,clear sky
514,Tignere,CM,7.3667,12.65,68.31,91,100,2.95,light rain
515,Kamaishi,JP,39.2667,141.8833,53.06,88,100,4.83,overcast clouds
516,Emerald,AU,-23.5333,148.1667,61.34,87,96,12.66,overcast clouds
517,Kankaanpaa,FI,61.8,22.4167,48.96,56,99,4.9,overcast clouds
518,Rio Grande,BR,-32.035,-52.0986,69.91,67,0,6.93,clear sky
519,Skegness,GB,53.1436,0.3363,68.02,82,100,7.43,overcast clouds
520,Pacific Grove,US,36.6177,-121.9166,65.21,83,20,10.36,few clouds
521,Chaihe,CN,44.7667,129.7,48.22,73,14,0.81,few clouds
522,Axim,GH,4.8699,-2.2405,76.17,86,100,4.92,overcast clouds
523,Namatanai,PG,-3.6667,152.4333,79.05,72,67,9.4,broken clouds
524,Aklavik,CA,68.2191,-135.0107,26.6,86,100,8.05,light snow
525,Rypefjord,NO,70.6333,23.6667,48.67,61,75,4.61,broken clouds
526,Parambu,BR,-6.2111,-40.6944,79.05,61,95,7.78,overcast clouds
527,Chato,TZ,-2.6378,31.7669,72.43,65,100,2.15,overcast clouds
528,Saint-Pierre,RE,-21.3393,55.4781,71.28,68,0,6.91,clear sky
529,Minna,NG,9.6139,6.5569,78.01,73,97,9.42,moderate rain
530,Robe,AU,-37.1833,139.75,52.09,73,8,9.98,clear sky
531,Fomboni,KM,-12.28,43.7425,81.59,73,54,12.64,broken clouds
532,Agogo,GH,6.8,-1.0819,69.51,91,100,2.21,overcast clouds
533,San Andres,CO,12.5847,-81.7006,87.82,74,100,12.66,overcast clouds
534,Maunabo,PR,18.0072,-65.8993,90.64,75,78,13.02,broken clouds
535,Alamosa,US,37.4695,-105.87,58.98,33,20,16.11,few clouds
536,Myitkyina,MM,25.3833,97.4,72.12,97,30,1.95,scattered clouds
537,San Cristobal,VE,7.7669,-72.225,82.58,41,1,8.05,clear sky
538,Gweru,ZW,-19.45,29.8167,51.03,32,0,5.3,clear sky
539,Bang Saphan,TH,11.2126,99.5117,75.15,97,100,4.79,overcast clouds
540,Chernyshevskiy,RU,63.0128,112.4714,47.41,78,75,3.56,broken clouds
541,Tibati,CM,6.4667,12.6333,71.46,87,100,3.53,moderate rain
542,Mwense,ZM,-10.3845,28.698,72.01,65,100,2.53,overcast clouds
543,Nicoya,CR,10.1483,-85.452,88.05,60,86,4.97,overcast clouds
544,Evinayong,GQ,1.4368,10.5512,68.52,99,62,2.66,broken clouds
545,Dingzhou,CN,38.5131,114.9956,62.71,41,88,1.81,overcast clouds
546,Evensk,RU,61.95,159.2333,37.83,92,98,2.33,overcast clouds
547,Iwanai,JP,42.9744,140.5089,54.64,93,100,3.78,overcast clouds
548,Betanzos,ES,43.2804,-8.2147,63.25,83,100,5.75,overcast clouds
549,Gelgaudiskis,LT,55.0792,22.9758,50.25,82,100,7.05,overcast clouds
550,Lake Lucerne,US,25.9651,-80.2414,89.02,69,75,18.41,broken clouds
551,Samarai,PG,-10.6167,150.6667,80.47,79,30,6.87,scattered clouds
552,Ayr,GB,55.4627,-4.6339,57.18,82,40,12.66,light rain
553,Hurghada,EG,27.2574,33.8129,82.44,23,0,23.02,clear sky
554,Deputatskiy,RU,69.3,139.9,27.28,94,84,3.36,broken clouds
555,Launceston,AU,-41.45,147.1667,38.16,93,100,6.91,overcast clouds
556,Mayumba,GA,-3.432,10.6554,75.85,80,88,6.46,overcast clouds
557,Port-Gentil,GA,-0.7193,8.7815,78.76,83,75,12.66,broken clouds
558,Kashi,CN,39.4547,75.9797,67.21,42,100,15.66,overcast clouds
559,Idukki,IN,9.85,76.9667,69.21,98,100,1.88,overcast clouds
560,Touros,BR,-5.1989,-35.4608,79.3,85,24,13.62,few clouds
561,Nioki,CD,-2.7167,17.6833,72.79,96,100,3.11,moderate rain
562,Harper,LR,4.375,-7.7169,76.84,80,100,6.64,light rain
563,Tchibanga,GA,-2.85,11.0333,69.96,90,15,2.68,few clouds
564,Birao,CF,10.2849,22.7882,91.62,21,100,5.44,overcast clouds
565,Ada,US,43.4166,-116.1262,62.49,42,0,14.97,clear sky
566,Arroyo,ES,41.6096,-4.7969,70.14,59,20,9.22,few clouds
567,Trapani,IT,37.8333,12.6667,72.9,64,0,8.05,clear sky
568,Ucluelet,CA,48.9329,-125.5528,54.09,84,100,1.01,overcast clouds
569,Kirakira,SB,-10.4544,161.9205,79.43,83,95,3.33,overcast clouds
570,Mahibadhoo,MV,3.7833,72.9667,83.21,77,12,12.3,few clouds
571,Araouane,ML,18.9048,-3.5265,96.58,7,0,11.95,clear sky
572,Villa Carlos Paz,AR,-31.4241,-64.4978,75.4,29,0,18.01,clear sky
573,Kyshtovka,RU,56.555,76.6271,50.68,68,86,14.23,light rain
574,Magistralnyy,RU,56.1725,107.4458,42.4,92,100,2.71,overcast clouds
575,San Carlos Del Zulia,VE,9.0,-71.9135,93.43,45,2,4.05,clear sky
576,Rudnichnyy,RU,59.617,52.4703,32.81,98,100,5.19,light snow
577,Juan Lacaze,UY,-34.4342,-57.4381,69.87,58,98,1.45,overcast clouds
578,Cabedelo,BR,-6.9811,-34.8339,81.27,81,17,18.84,few clouds
579,Comodoro Rivadavia,AR,-45.8667,-67.5,49.86,43,0,17.27,clear sky
580,Kieta,PG,-6.2167,155.6333,77.79,82,75,2.73,broken clouds
581,Hohhot,CN,40.8106,111.6522,55.69,76,0,2.24,clear sky
582,Abeche,TD,13.8292,20.8324,92.12,11,94,13.6,overcast clouds
583,Boden,SE,65.8252,21.6886,53.6,85,100,2.26,overcast clouds
584,Sinnamary,GF,5.3833,-52.95,80.83,80,94,6.42,overcast clouds
585,Amahai,ID,-3.3333,128.9167,77.83,87,99,1.9,overcast clouds
586,Egvekinot,RU,66.3167,-179.1667,43.39,56,99,3.33,overcast clouds
587,Banjar,ID,-8.19,114.9675,76.35,85,98,4.05,overcast clouds
588,Guozhen,CN,34.3659,107.359,65.64,67,4,4.34,clear sky
589,Peniche,PT,39.3558,-9.3811,64.29,93,100,12.71,overcast clouds
590,Dire,ML,12.2833,-10.9667,97.11,22,94,1.32,overcast clouds
591,Verkhoyansk,RU,67.5447,133.385,41.65,81,27,2.73,scattered clouds
592,Guilin,CN,25.2819,110.2864,66.31,98,100,2.62,overcast clouds
593,Kralendijk,BQ,12.15,-68.2667,87.78,58,0,24.16,clear sky
594,Balakovo,RU,52.0278,47.8007,45.97,87,100,1.77,light rain
595,Richards Bay,ZA,-28.783,32.0377,64.0,89,100,18.03,light rain
596,Fort Frances,CA,48.5999,-93.4003,54.16,41,100,8.05,overcast clouds
597,Tongzhou,CN,39.9053,116.5994,69.91,73,0,2.24,clear sky
598,Senno,RU,59.5336,33.9167,38.26,64,1,5.01,clear sky
599,Flores Costa Cuca,GT,14.65,-91.8167,80.33,85,75,6.91,broken clouds
600,Charters Towers,AU,-20.1,146.2667,64.47,82,100,11.77,overcast clouds
601,Beyla,GN,8.6833,-8.6333,71.53,86,81,2.77,light rain
602,Kurtalan,TR,37.9272,41.7028,69.55,40,99,4.9,overcast clouds
603,Ola,RU,59.5833,151.2833,41.14,90,100,18.92,light rain
604,Nelson Bay,AU,-32.7167,152.15,59.0,99,100,1.01,light rain
605,Stepnyak,KZ,52.8339,70.7803,45.84,60,6,17.43,clear sky
606,Salcedo,PH,12.8105,121.4674,78.21,82,100,4.18,overcast clouds
607,Tucupita,VE,9.0622,-62.051,82.89,70,100,5.32,overcast clouds
608,Murgab,TM,37.4966,61.9714,64.27,59,0,0.0,clear sky
609,Kasempa,ZM,-13.4584,25.8338,60.62,53,55,5.08,broken clouds
610,Villamontes,BO,-21.25,-63.5,78.96,33,0,5.41,clear sky
611,Ulladulla,AU,-35.35,150.4667,54.5,85,100,8.1,moderate rain
612,Lahaina,US,20.8783,-156.6825,83.44,75,14,7.63,few clouds
613,Hermiston,US,45.8404,-119.2895,67.64,46,0,0.0,clear sky
614,Ayan,RU,56.45,138.1667,30.69,90,88,5.26,overcast clouds
615,Kokopo,PG,-4.352,152.2633,76.06,75,73,3.44,broken clouds
616,Bull Savanna,JM,17.8868,-77.5902,82.22,65,100,17.22,overcast clouds
617,Piacabucu,BR,-10.4056,-36.4344,79.68,67,0,11.61,clear sky
618,Uvira,CD,-3.4067,29.1458,74.73,79,90,2.1,light rain
619,Los Algarrobos,PA,8.5,-82.4333,86.41,66,40,8.05,scattered clouds
620,Vila Velha,BR,-20.3297,-40.2925,75.15,69,75,8.05,broken clouds
621,Batsfjord,NO,70.6345,29.7185,40.93,93,75,9.22,broken clouds
622,Vao,NC,-22.6667,167.4833,74.88,86,100,9.66,overcast clouds
623,Jasper,US,37.2001,-94.3502,63.9,50,40,12.66,scattered clouds
624,Faya,SA,18.3851,42.4509,75.31,26,0,2.48,clear sky
625,Dali,CN,25.7,100.1833,61.12,90,62,3.4,broken clouds
626,Bilma,NE,18.6853,12.9164,92.05,9,95,6.51,overcast clouds
627,Union,US,40.6334,-74.2663,94.55,48,0,10.36,clear sky
628,Tambura,SS,5.6,27.4667,71.94,88,95,2.21,light rain
629,Pandan Niog,PH,6.2282,120.5631,81.99,78,100,7.94,moderate rain
630,Bandar-E Lengeh,IR,26.5579,54.8807,86.11,79,0,4.61,clear sky
631,Loubomo,CG,-4.1997,12.6739,70.86,87,39,6.89,scattered clouds
632,Manado,ID,1.487,124.8455,74.17,100,40,1.14,scattered clouds
633,Isla Mujeres,MX,21.2311,-86.731,86.16,74,1,18.28,clear sky
634,Lahat,ID,-3.8,103.5333,72.99,97,92,2.21,overcast clouds
635,Baykit,RU,61.67,96.37,48.16,91,0,3.47,clear sky
636,Abu Dhabi,AE,24.4667,54.3667,86.02,63,0,5.75,clear sky
637,Luza,RU,60.6308,47.2512,32.63,98,100,8.99,snow
638,Tukrah,LY,32.5341,20.5791,65.34,74,0,3.8,clear sky
639,Felanitx,ES,39.4696,3.1483,77.52,64,11,5.19,few clouds
640,Kruisfontein,ZA,-34.0033,24.7314,54.88,76,100,2.8,overcast clouds
641,Matthews,US,35.1168,-80.7237,89.74,66,75,12.66,light rain
642,Eureka,US,40.8021,-124.1637,60.13,76,96,5.01,overcast clouds
643,Satun,TH,6.8333,100.0,78.8,92,100,3.2,overcast clouds
644,Chunoyar,RU,57.4467,97.3217,45.12,89,6,3.02,clear sky
645,Naron,ES,43.5167,-8.1528,63.03,92,100,3.8,overcast clouds
646,Yuryevets,RU,57.3201,43.1041,34.3,74,89,10.33,overcast clouds
647,Pitimbu,BR,-7.4706,-34.8086,81.19,75,16,18.12,few clouds
648,Bowen,AU,-20.0167,148.2333,68.81,84,100,9.1,overcast clouds
649,Pemangkat,ID,1.1667,108.9667,79.43,87,99,4.0,overcast clouds
650,Padron,ES,42.7388,-8.6606,63.72,90,93,2.01,overcast clouds
651,Quimperle,FR,47.8667,-3.55,73.62,60,100,5.75,overcast clouds
652,Kavaratti,IN,10.5669,72.642,83.64,80,91,18.21,overcast clouds
653,Concordia,AR,-31.393,-58.0209,68.07,60,20,9.22,few clouds
654,Tezu,IN,27.9167,96.1667,70.79,87,2,4.54,clear sky
655,Daimiel,ES,39.07,-3.615,78.78,46,20,16.11,few clouds
656,Chalus,IR,36.655,51.4204,63.86,88,0,2.3,clear sky
657,Paracuru,BR,-3.41,-39.0306,79.11,83,26,10.18,scattered clouds
658,San Patricio,US,28.017,-97.5169,79.52,54,99,13.18,overcast clouds
659,Inongo,CD,-1.95,18.2667,71.82,96,97,4.97,light rain
660,Iquitos,PE,-3.7481,-73.2472,86.04,70,75,4.61,broken clouds
661,Huarmey,PE,-10.0681,-78.1522,70.39,72,9,9.57,clear sky
662,Dolores,AR,-36.3132,-57.6792,63.81,40,100,8.1,overcast clouds
663,Vitry-Le-Francois,FR,48.7333,4.5833,72.01,77,30,7.76,scattered clouds
664,Kenai,US,60.5544,-151.2583,57.29,44,0,3.44,clear sky
665,Nyurba,RU,63.2842,118.3319,46.18,69,26,0.49,scattered clouds
666,Kosa,RU,59.9445,54.9977,31.5,98,100,5.53,overcast clouds
667,Inhambane,MZ,-23.865,35.3833,69.78,100,75,6.91,moderate rain
668,Nezhinka,RU,51.7676,55.3694,44.76,93,75,7.0,broken clouds
669,Malakal,SS,9.5334,31.6605,84.6,53,100,6.85,overcast clouds
670,Atagay,RU,55.1033,99.3875,54.39,57,100,2.48,overcast clouds
671,Bo Phloi,TH,14.3236,99.5161,80.31,91,100,4.83,light rain
672,Vestmanna,FO,62.1564,-7.1664,49.12,81,100,2.3,overcast clouds
673,Mandiana,GN,10.6333,-8.6833,82.89,51,100,5.55,light rain
674,Takab,IR,36.4009,47.1133,59.77,37,74,1.39,broken clouds
675,Aranos,NA,-24.1333,19.1167,54.01,52,1,8.25,clear sky
676,Saiha,IN,22.4833,92.9667,67.57,97,100,2.71,overcast clouds
677,Kimovsk,RU,53.9716,38.5319,40.73,66,16,14.92,few clouds
678,Gap,FR,44.6667,6.0,57.85,67,100,2.91,overcast clouds
679,Reitz,ZA,-27.8014,28.4273,45.48,90,6,7.81,clear sky
680,Teguldet,RU,57.3064,88.1667,55.76,51,100,9.6,overcast clouds
681,Khani,GE,41.9563,42.9566,56.77,59,99,6.29,light rain
682,Poum,NC,-20.2333,164.0167,78.33,79,0,11.18,clear sky
683,Buluang,PH,13.3068,123.3425,76.86,92,91,3.15,overcast clouds
684,Whithorn,JM,18.2604,-78.0378,87.06,61,100,5.21,overcast clouds
685,Palmer,US,42.1584,-72.3287,92.44,52,75,8.05,broken clouds
686,Narsaq,GL,60.9167,-46.05,37.62,99,100,5.66,light rain
687,Catuday,PH,16.2923,119.8062,78.89,84,100,10.6,overcast clouds
688,Mangrol,IN,21.1167,70.1167,84.42,72,100,18.16,overcast clouds
689,Grand Gaube,MU,-20.0064,57.6608,75.6,75,7,5.99,clear sky
690,Panaba,MX,21.2833,-88.2667,101.26,27,7,20.0,clear sky
691,Bandarbeyla,SO,9.4942,50.8122,80.69,86,30,16.53,scattered clouds
692,Sur,OM,22.5667,59.5289,91.76,45,0,11.41,clear sky
693,Moberly,US,39.4184,-92.4382,65.43,37,0,13.8,clear sky
694,Annau,TM,37.8876,58.516,67.5,42,0,9.22,clear sky
695,Tilichiki,RU,60.4667,166.1,36.16,83,0,4.12,clear sky
696,Ostersund,SE,63.1792,14.6357,55.85,35,0,3.44,clear sky
697,Farafangana,MG,-22.8167,47.8333,69.55,88,16,3.67,few clouds
698,Port-Cartier,CA,50.0334,-66.8654,57.42,76,100,5.06,overcast clouds
699,Innisfail,AU,-17.5333,146.0333,71.2,86,99,5.3,overcast clouds
700,Svetlyy,RU,54.675,20.1347,48.25,90,100,7.58,overcast clouds
701,La Malbaie,CA,47.6575,-70.1559,66.74,77,70,3.44,broken clouds
702,Sept-Iles,CA,50.2001,-66.3821,57.72,58,75,9.22,broken clouds
703,Santa Quiteria Do Maranhao,BR,-3.5156,-42.5467,80.22,90,25,3.29,scattered clouds
704,Agadir,MA,30.4202,-9.5982,75.65,64,15,4.97,few clouds
